{
  "summary": {
    "total_runs": 2196,
    "successful_runs": 2193,
    "failed_runs": 3,
    "cancelled_runs": 0,
    "success_rate": 99,
    "failure_rate": 0,
    "average_duration": 84.59061930783243,
    "average_success_duration": 83.46967624259005,
    "average_failed_duration": 904,
    "average_cancelled_duration": 0
  },
  "workflow_distribution": {
    "Push on main": 1923,
    "PR #1137": 2,
    "PR #1136": 2,
    "PR #1135": 2,
    "PR #1134": 3,
    "PR #1132": 2,
    "PR #1131": 2,
    "PR #1130": 2,
    "PR #1127": 2,
    "PR #1126": 2,
    "PR #1125": 2,
    "PR #1124": 2,
    "PR #1123": 2,
    "PR #1122": 2,
    "PR #1121": 2,
    "PR #1119": 2,
    "PR #1118": 2,
    "PR #1116": 1,
    "PR #1115": 2,
    "PR #1114": 2,
    "PR #1113": 1,
    "Scheduled": 5,
    "PR #1112": 2,
    "PR #1104": 2,
    "PR #1103": 2,
    "CodeQL": 2,
    "PR #415": 2,
    "PR #380": 2,
    "PR #345": 3,
    "PR #341": 2,
    "PR #340": 2,
    "PR #339": 2,
    "PR #337": 2,
    "PR #336": 2,
    "PR #335": 2,
    "PR #334": 2,
    "PR #327": 2,
    "PR #326": 2,
    "PR #324": 2,
    "PR #321": 1,
    "PR #320": 2,
    "PR #319": 2,
    "PR #318": 2,
    "PR #317": 2,
    "PR #315": 2,
    "PR #314": 2,
    "PR #313": 2,
    "PR #312": 2,
    "PR #311": 2,
    "PR #310": 2,
    "PR #309": 2,
    "PR #308": 2,
    "PR #307": 2,
    "PR #305": 2,
    "PR #304": 3,
    "PR #303": 2,
    "PR #302": 3,
    "PR #301": 2,
    "PR #300": 2,
    "PR #299": 2,
    "PR #298": 2,
    "PR #297": 3,
    "PR #296": 1,
    "PR #295": 2,
    "PR #294": 3,
    "PR #289": 3,
    "PR #288": 1,
    "PR #286": 4,
    "PR #285": 2,
    "PR #284": 2,
    "PR #283": 2,
    "PR #282": 2,
    "PR #281": 2,
    "PR #280": 2,
    "PR #279": 2,
    "PR #278": 2,
    "PR #277": 2,
    "PR #276": 2,
    "PR #275": 2,
    "PR #274": 2,
    "PR #273": 3,
    "PR #272": 1,
    "PR #271": 2,
    "PR #270": 2,
    "PR #269": 2,
    "PR #268": 1,
    "PR #267": 2,
    "PR #266": 3,
    "PR #265": 2,
    "PR #264": 2,
    "PR #263": 2,
    "PR #262": 2,
    "PR #261": 2,
    "PR #260": 2,
    "PR #259": 2,
    "PR #258": 2,
    "PR #257": 1,
    "PR #256": 3,
    "PR #255": 2,
    "PR #254": 2,
    "PR #253": 1,
    "PR #252": 2,
    "PR #251": 2,
    "PR #250": 2,
    "PR #249": 2,
    "PR #248": 3,
    "PR #247": 2,
    "PR #246": 2,
    "PR #245": 3,
    "PR #244": 6,
    "PR #243": 2,
    "PR #242": 2,
    "PR #241": 2,
    "PR #240": 2,
    "PR #239": 2,
    "PR #238": 2,
    "PR #237": 2,
    "PR #236": 2,
    "PR #235": 2,
    "PR #234": 2,
    "PR #233": 1,
    "PR #232": 2,
    "PR #231": 2,
    "PR #229": 2,
    "PR #228": 5,
    "PR #226": 2,
    "PR #225": 2,
    "PR #224": 2,
    "PR #223": 2,
    "PR #222": 2,
    "CodeQL Setup": 1
  },
  "event_distribution": {
    "dynamic": 2196
  }
}
