{
  "summary": {
    "total_runs": 4672,
    "successful_runs": 3128,
    "failed_runs": 769,
    "cancelled_runs": 69,
    "success_rate": 66,
    "failure_rate": 16,
    "average_duration": 1401.1898544520548,
    "average_success_duration": 246.92519181585678,
    "average_failed_duration": 988.8686605981794,
    "average_cancelled_duration": 72638.44927536232
  },
  "workflow_distribution": {
    "Ka0s Workflow Statistics Summary": 51,
    "Push on main": 880,
    "Ka0s Inspector": 1346,
    "Ka0s Execution": 24,
    "Ka0s": 1008,
    "PR #289": 3,
    "PR #288": 1,
    "Ka0s Markdown Lint": 83,
    "Ka0s JSON Lint": 595,
    "PR #286": 4,
    "Ka0S Version": 200,
    "PR #285": 2,
    "Deploy Dashboard to Web Server": 39,
    "PR #284": 2,
    "PR #283": 2,
    "PR #282": 2,
    "PR #281": 2,
    "PR #280": 2,
    "PR #279": 2,
    "PR #278": 2,
    "PR #277": 2,
    "PR #276": 2,
    "PR #275": 2,
    "PR #274": 2,
    "PR #273": 3,
    "PR #272": 1,
    "PR #271": 2,
    "PR #270": 2,
    "PR #269": 2,
    "PR #268": 1,
    "PR #267": 2,
    "PR #266": 3,
    "Scheduled": 2,
    "PR #265": 2,
    "PR #264": 2,
    "PR #263": 2,
    "PR #262": 2,
    "PR #261": 2,
    "PR #260": 2,
    "PR #259": 2,
    "PR #258": 2,
    "PR #257": 1,
    "PR #256": 3,
    "PR #255": 2,
    "PR #254": 2,
    "PR #253": 1,
    "PR #252": 2,
    "PR #251": 2,
    "PR #250": 2,
    "PR #249": 2,
    "PR #248": 3,
    "PR #247": 2,
    "PR #246": 2,
    "PR #245": 3,
    "PR #244": 6,
    "PR #243": 2,
    "PR #242": 2,
    "PR #241": 2,
    "PR #240": 2,
    "PR #239": 2,
    "PR #238": 2,
    "PR #237": 2,
    "CodeQL": 1,
    "PR #236": 2,
    "PR #235": 2,
    "PR #234": 2,
    "PR #233": 1,
    "PR #232": 2,
    "PR #231": 2,
    "PR #229": 2,
    "PR #228": 5,
    "PR #226": 2,
    "Ka0s ka0s Execution": 248,
    "PR #225": 2,
    "PR #224": 2,
    "PR #223": 2,
    "PR #222": 2,
    "CodeQL Setup": 1,
    "Ka0s DockerTest": 47,
    ".github/workflows/version.yml": 4,
    "Ka0s Core Execution": 3,
    ".github/workflows/mdlint.yml": 1
  },
  "event_distribution": {
    "workflow_dispatch": 2159,
    "dynamic": 1023,
    "issues": 44,
    "push": 1203,
    "schedule": 3,
    "pull_request": 232,
    "issue_comment": 8
  }
}
